{"cameraMode":{"drawMode":0,"name":"Shaded","section":"Shading Mode"},"sceneLighting":true,"audioPlay":false,"sceneViewState":{"showFog":true,"showMaterialUpdate":true,"showSkybox":false,"showFlares":true,"showImageEffects":true,"showParticleSystems":true},"in2DMode":false,"pivot":{"x":0.0,"y":0.18999862670898438,"z":-0.049999237060546878},"rotation":{"x":0.30609992146492007,"y":0.04139484092593193,"z":-0.013323782943189145,"w":0.9510056376457214},"size":20.611404418945314,"orthographic":false}