{"cameraMode":{"drawMode":0,"name":"Shaded","section":"Shading Mode"},"sceneLighting":true,"audioPlay":false,"sceneViewState":{"showFog":true,"showMaterialUpdate":true,"showSkybox":true,"showFlares":true,"showImageEffects":true,"showParticleSystems":true},"in2DMode":false,"pivot":{"x":4.800000190734863,"y":0.5399999618530273,"z":4.730000019073486},"rotation":{"x":0.5352694988250732,"y":0.012669175863265992,"z":-0.00802964624017477,"w":0.8445481061935425},"size":7.766027450561523,"orthographic":false}