{"cameraMode":{"drawMode":0,"name":"Shaded","section":"Shading Mode"},"sceneLighting":true,"audioPlay":false,"sceneViewState":{"showFog":true,"showMaterialUpdate":true,"showSkybox":true,"showFlares":true,"showImageEffects":true,"showParticleSystems":true},"in2DMode":false,"pivot":{"x":5.798764228820801,"y":6.293701171875,"z":-12.857154846191407},"rotation":{"x":0.3891981840133667,"y":0.02348552830517292,"z":-0.009926705621182919,"w":0.9208011627197266},"size":17.164905548095704,"orthographic":false}