{"cameraMode":{"drawMode":0,"name":"Shaded","section":"Shading Mode"},"sceneLighting":true,"audioPlay":false,"sceneViewState":{"showFog":true,"showMaterialUpdate":true,"showSkybox":true,"showFlares":true,"showImageEffects":true,"showParticleSystems":true},"in2DMode":false,"pivot":{"x":0.6693555116653442,"y":-3.557737350463867,"z":2.2698416709899904},"rotation":{"x":0.6927357912063599,"y":0.02594175934791565,"z":-0.024949265643954278,"w":0.7202931642532349},"size":10.261505126953125,"orthographic":false}