{"cameraMode":{"drawMode":0,"name":"Shaded","section":"Shading Mode"},"sceneLighting":true,"audioPlay":false,"sceneViewState":{"showFog":true,"showMaterialUpdate":true,"showSkybox":true,"showFlares":true,"showImageEffects":true,"showParticleSystems":true},"in2DMode":false,"pivot":{"x":1.0589945316314698,"y":4.861566543579102,"z":-0.1402595043182373},"rotation":{"x":0.5352694988250732,"y":0.012669175863265992,"z":-0.00802964624017477,"w":0.8445481061935425},"size":4.5367937088012699,"orthographic":false}